sale_id,product_id,customer_id,sale_date,quantity_sold,selling_price,region,base_price,cost_price,price_difference,inventory_turnover,recommended_price,discount_flag
S0001,P002,C066,2025-07-31,2,1524.39,Islamabad,1500.0,950.0,24.39,0.03,1560.0,0
S0002,P003,C184,2025-09-12,5,342.28,Lahore,300.0,120.0,42.28,0.06,330.0,0
S0003,P003,C238,2024-11-14,1,313.4,Islamabad,300.0,120.0,13.4,0.01,306.0,0
S0004,P010,C184,2025-11-24,4,1798.49,Karachi,1800.0,1100.0,-1.51,0.05,1944.0,1
S0005,P002,C198,2025-08-29,2,1388.21,Islamabad,1500.0,950.0,-111.79,0.03,1560.0,1
S0006,P011,C145,2025-09-06,1,1758.49,Lahore,1600.0,1000.0,158.49,0.01,1632.0,0
S0007,P006,C018,2025-06-29,4,1278.46,Faisalabad,1200.0,750.0,78.46,0.05,1296.0,0
S0008,P011,C211,2024-12-15,1,1779.83,Peshawar,1600.0,1000.0,179.83,0.01,1632.0,0
S0009,P002,C213,2025-03-19,3,1588.34,Peshawar,1500.0,950.0,88.34,0.04,1590.0,0
S0010,P012,C134,2024-06-05,4,755.23,Islamabad,800.0,500.0,-44.77,0.05,864.0,1
S0011,P010,C212,2025-07-05,4,1829.19,Faisalabad,1800.0,1100.0,29.19,0.05,1944.0,0
S0012,P005,C023,2024-11-26,2,3876.89,Islamabad,3500.0,2200.0,376.89,0.03,3640.0,0
S0013,P008,C172,2024-09-06,4,938.22,Peshawar,900.0,600.0,38.22,0.05,972.0,0
S0014,P006,C047,2024-01-30,4,1335.29,Peshawar,1200.0,750.0,135.29,0.05,1296.0,0
S0015,P004,C226,2024-12-29,3,2462.71,Faisalabad,2500.0,1500.0,-37.29,0.04,2650.0,1
S0016,P012,C243,2024-10-09,5,722.03,Karachi,800.0,500.0,-77.97,0.06,880.0,1
S0017,P002,C195,2024-09-04,4,1533.22,Karachi,1500.0,950.0,33.22,0.05,1620.0,0
S0018,P012,C005,2025-05-02,4,809.63,Lahore,800.0,500.0,9.63,0.05,864.0,0
S0019,P005,C079,2024-08-14,4,3755.31,Faisalabad,3500.0,2200.0,255.31,0.05,3780.0,0
S0020,P006,C109,2025-04-29,5,1239.28,Faisalabad,1200.0,750.0,39.28,0.06,1320.0,0
S0021,P006,C065,2024-12-26,4,1161.27,Karachi,1200.0,750.0,-38.73,0.05,1296.0,1
S0022,P002,C191,2026-01-08,2,1468.33,Faisalabad,1500.0,950.0,-31.67,0.03,1560.0,1
S0023,P012,C124,2024-07-08,2,763.28,Islamabad,800.0,500.0,-36.72,0.03,832.0,1
S0024,P012,C026,2025-08-26,5,839.36,Karachi,800.0,500.0,39.36,0.06,880.0,0
S0025,P005,C004,2024-08-20,3,3307.01,Faisalabad,3500.0,2200.0,-192.99,0.04,3710.0,1
S0026,P003,C142,2024-10-07,1,343.07,Islamabad,300.0,120.0,43.07,0.01,306.0,0
S0027,P012,C004,2024-05-09,4,740.52,Faisalabad,800.0,500.0,-59.48,0.05,864.0,1
S0028,P005,C048,2025-04-25,4,3535.41,Lahore,3500.0,2200.0,35.41,0.05,3780.0,0
S0029,P005,C103,2025-05-04,1,3869.35,Peshawar,3500.0,2200.0,369.35,0.01,3570.0,0
S0030,P002,C208,2025-08-13,1,1406.9,Faisalabad,1500.0,950.0,-93.1,0.01,1530.0,1
S0031,P005,C196,2024-03-28,2,3253.65,Peshawar,3500.0,2200.0,-246.35,0.03,3640.0,1
S0032,P010,C134,2025-09-02,5,1721.56,Peshawar,1800.0,1100.0,-78.44,0.06,1980.0,1
S0033,P008,C110,2025-03-29,3,1003.54,Islamabad,900.0,600.0,103.54,0.04,954.0,0
S0034,P010,C190,2025-09-27,1,1894.33,Lahore,1800.0,1100.0,94.33,0.01,1836.0,0
S0035,P004,C021,2025-10-02,2,2415.4,Karachi,2500.0,1500.0,-84.6,0.03,2600.0,1
S0036,P004,C001,2024-06-26,5,2296.92,Peshawar,2500.0,1500.0,-203.08,0.06,2750.0,1
S0037,P008,C009,2025-12-06,5,915.73,Karachi,900.0,600.0,15.73,0.06,990.0,0
S0038,P005,C117,2025-12-24,3,3765.11,Lahore,3500.0,2200.0,265.11,0.04,3710.0,0
S0039,P011,C161,2024-08-27,3,1755.13,Faisalabad,1600.0,1000.0,155.13,0.04,1696.0,0
S0040,P011,C058,2024-07-21,4,1485.91,Karachi,1600.0,1000.0,-114.09,0.05,1728.0,1
S0041,P005,C203,2024-05-25,1,3202.18,Islamabad,3500.0,2200.0,-297.82,0.01,3570.0,1
S0042,P010,C113,2026-02-05,5,2034.54,Lahore,1800.0,1100.0,234.54,0.06,1980.0,0
S0043,P008,C242,2025-12-06,3,967.44,Islamabad,900.0,600.0,67.44,0.04,954.0,0
S0044,P009,C154,2025-07-06,4,706.61,Lahore,700.0,450.0,6.61,0.05,756.0,0
S0045,P007,C007,2026-01-22,3,2312.04,Lahore,2200.0,1400.0,112.04,0.04,2332.0,0
S0046,P004,C006,2025-11-21,5,2616.95,Islamabad,2500.0,1500.0,116.95,0.06,2750.0,0
S0047,P010,C167,2024-02-11,2,1831.73,Peshawar,1800.0,1100.0,31.73,0.03,1872.0,0
S0048,P005,C209,2024-07-04,5,3531.4,Peshawar,3500.0,2200.0,31.4,0.06,3850.0,0
S0049,P002,C083,2025-04-26,3,1503.13,Lahore,1500.0,950.0,3.13,0.04,1590.0,0
S0050,P003,C074,2024-12-03,4,322.03,Peshawar,300.0,120.0,22.03,0.05,324.0,0
S0051,P009,C065,2024-02-07,4,645.41,Islamabad,700.0,450.0,-54.59,0.05,756.0,1
S0052,P002,C212,2026-03-02,4,1674.34,Lahore,1500.0,950.0,174.34,0.05,1620.0,0
S0053,P011,C049,2025-07-09,4,1605.3,Faisalabad,1600.0,1000.0,5.3,0.05,1728.0,0
S0054,P006,C195,2025-09-29,4,1267.62,Lahore,1200.0,750.0,67.62,0.05,1296.0,0
S0055,P004,C074,2024-09-30,5,2331.88,Peshawar,2500.0,1500.0,-168.12,0.06,2750.0,1
S0056,P012,C162,2025-05-11,1,725.77,Faisalabad,800.0,500.0,-74.23,0.01,816.0,1
S0057,P004,C004,2025-12-27,2,2444.22,Faisalabad,2500.0,1500.0,-55.78,0.03,2600.0,1
S0058,P007,C234,2024-04-05,2,2525.74,Lahore,2200.0,1400.0,325.74,0.03,2288.0,0
S0059,P008,C184,2024-04-30,2,922.13,Islamabad,900.0,600.0,22.13,0.03,936.0,0
S0060,P009,C124,2025-12-23,3,702.71,Peshawar,700.0,450.0,2.71,0.04,742.0,0
S0061,P004,C049,2025-04-12,5,2340.4,Faisalabad,2500.0,1500.0,-159.6,0.06,2750.0,1
S0062,P009,C071,2026-02-03,2,781.2,Peshawar,700.0,450.0,81.2,0.03,728.0,0
S0063,P006,C073,2025-06-03,3,1326.16,Islamabad,1200.0,750.0,126.16,0.04,1272.0,0
S0064,P010,C115,2025-08-16,4,2009.37,Faisalabad,1800.0,1100.0,209.37,0.05,1944.0,0
S0065,P008,C140,2024-12-19,3,934.18,Peshawar,900.0,600.0,34.18,0.04,954.0,0
S0066,P008,C062,2024-11-25,2,1030.67,Faisalabad,900.0,600.0,130.67,0.03,936.0,0
S0067,P007,C191,2024-08-27,4,2004.01,Peshawar,2200.0,1400.0,-195.99,0.05,2376.0,1
S0068,P012,C203,2025-01-25,4,917.68,Karachi,800.0,500.0,117.68,0.05,864.0,0
S0069,P008,C152,2024-02-07,2,923.02,Islamabad,900.0,600.0,23.02,0.03,936.0,0
S0070,P002,C117,2025-03-26,1,1547.23,Lahore,1500.0,950.0,47.23,0.01,1530.0,0
S0071,P012,C249,2024-05-27,4,894.19,Karachi,800.0,500.0,94.19,0.05,864.0,0
S0072,P002,C178,2025-04-25,3,1476.96,Peshawar,1500.0,950.0,-23.04,0.04,1590.0,1
S0073,P011,C220,2024-03-23,3,1780.94,Faisalabad,1600.0,1000.0,180.94,0.04,1696.0,0
S0074,P007,C010,2024-11-20,4,2459.81,Faisalabad,2200.0,1400.0,259.81,0.05,2376.0,0
S0075,P002,C192,2024-08-28,3,1724.03,Lahore,1500.0,950.0,224.03,0.04,1590.0,0
S0076,P007,C178,2024-04-10,1,2224.02,Islamabad,2200.0,1400.0,24.02,0.01,2244.0,0
S0077,P001,C076,2024-02-17,3,1099.04,Islamabad,1000.0,650.0,99.04,0.04,1060.0,0
S0078,P006,C106,2025-03-17,2,1153.26,Faisalabad,1200.0,750.0,-46.74,0.03,1248.0,1
S0079,P011,C157,2024-07-03,2,1510.03,Peshawar,1600.0,1000.0,-89.97,0.03,1664.0,1
S0080,P010,C150,2025-11-30,2,1843.95,Karachi,1800.0,1100.0,43.95,0.03,1872.0,0
S0081,P004,C171,2025-04-17,3,2537.23,Lahore,2500.0,1500.0,37.23,0.04,2650.0,0
S0082,P008,C114,2024-10-21,5,845.54,Islamabad,900.0,600.0,-54.46,0.06,990.0,1
S0083,P010,C117,2024-11-02,4,1930.64,Islamabad,1800.0,1100.0,130.64,0.05,1944.0,0
S0084,P004,C098,2025-01-28,4,2316.66,Faisalabad,2500.0,1500.0,-183.34,0.05,2700.0,1
S0085,P006,C076,2025-08-11,3,1377.81,Lahore,1200.0,750.0,177.81,0.04,1272.0,0
S0086,P011,C222,2025-02-09,3,1443.24,Lahore,1600.0,1000.0,-156.76,0.04,1696.0,1
S0087,P010,C232,2026-02-02,4,1994.78,Islamabad,1800.0,1100.0,194.78,0.05,1944.0,0
S0088,P004,C049,2025-09-13,3,2386.88,Faisalabad,2500.0,1500.0,-113.12,0.04,2650.0,1
S0089,P005,C232,2025-11-25,2,3699.72,Lahore,3500.0,2200.0,199.72,0.03,3640.0,0
S0090,P005,C188,2025-03-27,1,3657.13,Karachi,3500.0,2200.0,157.13,0.01,3570.0,0
S0091,P002,C045,2024-10-29,3,1630.31,Karachi,1500.0,950.0,130.31,0.04,1590.0,0
S0092,P003,C234,2025-07-06,3,309.81,Islamabad,300.0,120.0,9.81,0.04,318.0,0
S0093,P003,C076,2024-09-20,4,342.55,Islamabad,300.0,120.0,42.55,0.05,324.0,0
S0094,P002,C248,2025-04-24,1,1402.78,Karachi,1500.0,950.0,-97.22,0.01,1530.0,1
S0095,P011,C206,2026-01-11,4,1826.91,Faisalabad,1600.0,1000.0,226.91,0.05,1728.0,0
S0096,P006,C138,2024-04-02,4,1084.18,Lahore,1200.0,750.0,-115.82,0.05,1296.0,1
S0097,P008,C211,2025-01-12,3,941.53,Islamabad,900.0,600.0,41.53,0.04,954.0,0
S0098,P002,C159,2025-11-22,2,1526.8,Faisalabad,1500.0,950.0,26.8,0.03,1560.0,0
S0099,P006,C163,2025-09-16,2,1274.3,Peshawar,1200.0,750.0,74.3,0.03,1248.0,0
S0100,P012,C012,2024-11-05,4,743.34,Lahore,800.0,500.0,-56.66,0.05,864.0,1
S0101,P005,C228,2025-05-19,1,3235.04,Faisalabad,3500.0,2200.0,-264.96,0.01,3570.0,1
S0102,P003,C244,2025-02-01,4,297.83,Faisalabad,300.0,120.0,-2.17,0.05,324.0,1
S0103,P007,C168,2025-08-24,2,2466.98,Lahore,2200.0,1400.0,266.98,0.03,2288.0,0
S0104,P008,C072,2025-09-22,4,1021.29,Lahore,900.0,600.0,121.29,0.05,972.0,0
S0105,P012,C244,2025-01-14,2,808.68,Karachi,800.0,500.0,8.68,0.03,832.0,0
S0106,P006,C166,2024-04-11,3,1243.34,Islamabad,1200.0,750.0,43.34,0.04,1272.0,0
S0107,P001,C032,2025-02-11,3,947.45,Peshawar,1000.0,650.0,-52.55,0.04,1060.0,1
S0108,P002,C153,2025-11-09,2,1590.64,Lahore,1500.0,950.0,90.64,0.03,1560.0,0
S0109,P001,C202,2024-12-07,2,1147.21,Faisalabad,1000.0,650.0,147.21,0.03,1040.0,0
S0110,P004,C056,2024-03-11,5,2379.47,Karachi,2500.0,1500.0,-120.53,0.06,2750.0,1
S0111,P006,C153,2026-03-03,2,1316.59,Lahore,1200.0,750.0,116.59,0.03,1248.0,0
S0112,P005,C205,2024-05-28,2,3622.69,Karachi,3500.0,2200.0,122.69,0.03,3640.0,0
S0113,P002,C092,2025-11-07,1,1399.43,Karachi,1500.0,950.0,-100.57,0.01,1530.0,1
S0114,P010,C014,2024-11-27,1,1698.41,Karachi,1800.0,1100.0,-101.59,0.01,1836.0,1
S0115,P012,C017,2025-03-07,5,742.73,Peshawar,800.0,500.0,-57.27,0.06,880.0,1
S0116,P008,C028,2026-03-07,3,925.48,Peshawar,900.0,600.0,25.48,0.04,954.0,0
S0117,P009,C201,2024-08-14,5,637.59,Faisalabad,700.0,450.0,-62.41,0.06,770.0,1
S0118,P005,C123,2025-04-14,1,3203.22,Peshawar,3500.0,2200.0,-296.78,0.01,3570.0,1
S0119,P007,C233,2025-12-03,1,2249.65,Peshawar,2200.0,1400.0,49.65,0.01,2244.0,0
S0120,P002,C017,2024-03-23,3,1578.11,Karachi,1500.0,950.0,78.11,0.04,1590.0,0
S0121,P005,C084,2025-10-01,5,3629.81,Peshawar,3500.0,2200.0,129.81,0.06,3850.0,0
S0122,P010,C155,2025-06-27,3,1824.17,Peshawar,1800.0,1100.0,24.17,0.04,1908.0,0
S0123,P002,C167,2025-12-19,1,1669.8,Faisalabad,1500.0,950.0,169.8,0.01,1530.0,0
S0124,P012,C059,2024-08-08,4,810.31,Peshawar,800.0,500.0,10.31,0.05,864.0,0
S0125,P006,C025,2025-04-09,4,1204.8,Islamabad,1200.0,750.0,4.8,0.05,1296.0,0
S0126,P007,C040,2024-11-16,3,2185.87,Peshawar,2200.0,1400.0,-14.13,0.04,2332.0,1
S0127,P002,C025,2024-04-03,1,1384.96,Islamabad,1500.0,950.0,-115.04,0.01,1530.0,1
S0128,P003,C144,2025-07-23,1,313.98,Faisalabad,300.0,120.0,13.98,0.01,306.0,0
S0129,P006,C224,2025-11-17,1,1203.24,Peshawar,1200.0,750.0,3.24,0.01,1224.0,0
S0130,P012,C091,2024-02-22,3,840.08,Lahore,800.0,500.0,40.08,0.04,848.0,0
S0131,P010,C124,2025-06-03,2,1689.63,Karachi,1800.0,1100.0,-110.37,0.03,1872.0,1
S0132,P002,C196,2024-12-24,5,1487.84,Islamabad,1500.0,950.0,-12.16,0.06,1650.0,1
S0133,P010,C250,2024-08-19,4,2000.32,Faisalabad,1800.0,1100.0,200.32,0.05,1944.0,0
S0134,P010,C238,2025-11-22,5,1631.81,Islamabad,1800.0,1100.0,-168.19,0.06,1980.0,1
S0135,P001,C080,2024-07-03,3,1075.67,Islamabad,1000.0,650.0,75.67,0.04,1060.0,0
S0136,P006,C145,2024-01-07,2,1340.96,Peshawar,1200.0,750.0,140.96,0.03,1248.0,0
S0137,P002,C136,2024-05-25,1,1384.41,Karachi,1500.0,950.0,-115.59,0.01,1530.0,1
S0138,P007,C095,2025-03-05,4,2167.49,Islamabad,2200.0,1400.0,-32.51,0.05,2376.0,1
S0139,P012,C227,2024-11-28,5,839.24,Lahore,800.0,500.0,39.24,0.06,880.0,0
S0140,P003,C021,2024-06-10,5,273.73,Islamabad,300.0,120.0,-26.27,0.06,330.0,1
S0141,P008,C114,2025-11-08,4,919.27,Peshawar,900.0,600.0,19.27,0.05,972.0,0
S0142,P005,C111,2024-08-08,5,3249.59,Lahore,3500.0,2200.0,-250.41,0.06,3850.0,1
S0143,P005,C171,2025-11-25,5,3575.8,Islamabad,3500.0,2200.0,75.8,0.06,3850.0,0
S0144,P001,C015,2024-08-13,4,1146.11,Lahore,1000.0,650.0,146.11,0.05,1080.0,0
S0145,P004,C196,2024-11-04,2,2729.59,Islamabad,2500.0,1500.0,229.59,0.03,2600.0,0
S0146,P005,C192,2024-12-01,1,3156.76,Peshawar,3500.0,2200.0,-343.24,0.01,3570.0,1
S0147,P003,C059,2024-05-12,4,309.94,Faisalabad,300.0,120.0,9.94,0.05,324.0,0
S0148,P009,C221,2025-11-15,3,642.61,Lahore,700.0,450.0,-57.39,0.04,742.0,1
S0149,P007,C221,2024-01-20,4,2486.64,Islamabad,2200.0,1400.0,286.64,0.05,2376.0,0
S0150,P010,C164,2025-03-15,5,1801.99,Peshawar,1800.0,1100.0,1.99,0.06,1980.0,0
S0151,P005,C084,2024-04-27,4,3168.25,Karachi,3500.0,2200.0,-331.75,0.05,3780.0,1
S0152,P010,C217,2025-04-16,3,1659.66,Lahore,1800.0,1100.0,-140.34,0.04,1908.0,1
S0153,P004,C021,2025-03-22,5,2500.28,Peshawar,2500.0,1500.0,0.28,0.06,2750.0,0
S0154,P005,C200,2026-02-02,3,3343.88,Karachi,3500.0,2200.0,-156.12,0.04,3710.0,1
S0155,P002,C050,2025-06-06,1,1548.98,Islamabad,1500.0,950.0,48.98,0.01,1530.0,0
S0156,P006,C038,2026-01-14,2,1150.88,Islamabad,1200.0,750.0,-49.12,0.03,1248.0,1
S0157,P004,C195,2024-06-26,5,2345.54,Lahore,2500.0,1500.0,-154.46,0.06,2750.0,1
S0158,P003,C145,2026-03-02,4,304.8,Faisalabad,300.0,120.0,4.8,0.05,324.0,0
S0159,P008,C160,2025-11-28,5,954.67,Islamabad,900.0,600.0,54.67,0.06,990.0,0
S0160,P011,C121,2024-11-19,2,1615.91,Peshawar,1600.0,1000.0,15.91,0.03,1664.0,0
S0161,P011,C091,2024-11-06,3,1676.57,Faisalabad,1600.0,1000.0,76.57,0.04,1696.0,0
S0162,P002,C015,2024-11-13,4,1519.47,Islamabad,1500.0,950.0,19.47,0.05,1620.0,0
S0163,P005,C130,2024-03-19,1,3688.13,Peshawar,3500.0,2200.0,188.13,0.01,3570.0,0
S0164,P008,C190,2025-08-17,5,1024.7,Lahore,900.0,600.0,124.7,0.06,990.0,0
S0165,P008,C122,2025-08-08,2,882.34,Faisalabad,900.0,600.0,-17.66,0.03,936.0,1
S0166,P003,C231,2024-03-04,4,277.76,Islamabad,300.0,120.0,-22.24,0.05,324.0,1
S0167,P012,C011,2024-03-27,5,849.23,Karachi,800.0,500.0,49.23,0.06,880.0,0
S0168,P012,C157,2025-03-24,4,824.81,Karachi,800.0,500.0,24.81,0.05,864.0,0
S0169,P006,C199,2025-01-16,3,1196.22,Islamabad,1200.0,750.0,-3.78,0.04,1272.0,1
S0170,P011,C166,2025-09-04,1,1755.69,Islamabad,1600.0,1000.0,155.69,0.01,1632.0,0
S0171,P002,C099,2024-12-03,1,1559.24,Islamabad,1500.0,950.0,59.24,0.01,1530.0,0
S0172,P005,C086,2026-01-11,5,3914.12,Lahore,3500.0,2200.0,414.12,0.06,3850.0,0
S0173,P010,C080,2025-11-10,2,2032.54,Peshawar,1800.0,1100.0,232.54,0.03,1872.0,0
S0174,P003,C097,2025-09-01,1,293.22,Islamabad,300.0,120.0,-6.78,0.01,306.0,1
S0175,P003,C172,2025-11-17,5,277.01,Peshawar,300.0,120.0,-22.99,0.06,330.0,1
S0176,P009,C047,2025-01-05,1,693.45,Karachi,700.0,450.0,-6.55,0.01,714.0,1
S0177,P006,C036,2026-02-23,4,1137.6,Karachi,1200.0,750.0,-62.4,0.05,1296.0,1
S0178,P002,C139,2024-10-29,1,1540.38,Faisalabad,1500.0,950.0,40.38,0.01,1530.0,0
S0179,P001,C159,2025-11-08,3,1119.1,Karachi,1000.0,650.0,119.1,0.04,1060.0,0
S0180,P010,C213,2025-01-20,2,1693.01,Faisalabad,1800.0,1100.0,-106.99,0.03,1872.0,1
S0181,P003,C094,2026-01-08,4,273.28,Karachi,300.0,120.0,-26.72,0.05,324.0,1
S0182,P008,C201,2025-09-17,3,979.29,Peshawar,900.0,600.0,79.29,0.04,954.0,0
S0183,P004,C208,2025-06-30,2,2443.42,Peshawar,2500.0,1500.0,-56.58,0.03,2600.0,1
S0184,P004,C119,2025-01-11,5,2865.27,Islamabad,2500.0,1500.0,365.27,0.06,2750.0,0
S0185,P007,C042,2025-05-29,5,2210.26,Karachi,2200.0,1400.0,10.26,0.06,2420.0,0
S0186,P010,C124,2024-05-21,3,1643.48,Islamabad,1800.0,1100.0,-156.52,0.04,1908.0,1
S0187,P009,C073,2024-04-15,5,778.95,Lahore,700.0,450.0,78.95,0.06,770.0,0
S0188,P003,C038,2024-10-06,4,337.9,Peshawar,300.0,120.0,37.9,0.05,324.0,0
S0189,P002,C239,2024-08-15,4,1681.74,Lahore,1500.0,950.0,181.74,0.05,1620.0,0
S0190,P007,C061,2024-02-24,4,2256.1,Peshawar,2200.0,1400.0,56.1,0.05,2376.0,0
S0191,P002,C239,2025-01-18,2,1360.57,Lahore,1500.0,950.0,-139.43,0.03,1560.0,1
S0192,P012,C036,2025-10-27,3,878.28,Lahore,800.0,500.0,78.28,0.04,848.0,0
S0193,P005,C121,2025-04-28,2,3813.99,Peshawar,3500.0,2200.0,313.99,0.03,3640.0,0
S0194,P010,C056,2024-01-06,1,1628.55,Karachi,1800.0,1100.0,-171.45,0.01,1836.0,1
S0195,P009,C029,2026-01-14,5,722.36,Islamabad,700.0,450.0,22.36,0.06,770.0,0
S0196,P004,C108,2024-11-04,1,2279.84,Faisalabad,2500.0,1500.0,-220.16,0.01,2550.0,1
S0197,P008,C128,2024-03-05,1,998.25,Faisalabad,900.0,600.0,98.25,0.01,918.0,0
S0198,P009,C184,2024-01-17,5,730.63,Karachi,700.0,450.0,30.63,0.06,770.0,0
S0199,P005,C062,2025-03-15,1,3687.96,Faisalabad,3500.0,2200.0,187.96,0.01,3570.0,0
S0200,P007,C093,2024-07-10,1,2267.92,Lahore,2200.0,1400.0,67.92,0.01,2244.0,0
S0201,P009,C130,2025-07-11,5,767.62,Faisalabad,700.0,450.0,67.62,0.06,770.0,0
S0202,P001,C100,2025-02-03,4,910.88,Islamabad,1000.0,650.0,-89.12,0.05,1080.0,1
S0203,P005,C018,2026-02-04,1,3462.46,Islamabad,3500.0,2200.0,-37.54,0.01,3570.0,1
S0204,P004,C189,2026-01-20,1,2732.19,Islamabad,2500.0,1500.0,232.19,0.01,2550.0,0
S0205,P003,C209,2024-02-15,3,310.95,Karachi,300.0,120.0,10.95,0.04,318.0,0
S0206,P011,C208,2025-04-20,4,1692.69,Karachi,1600.0,1000.0,92.69,0.05,1728.0,0
S0207,P002,C052,2026-01-03,4,1363.87,Lahore,1500.0,950.0,-136.13,0.05,1620.0,1
S0208,P004,C132,2024-02-12,3,2833.36,Peshawar,2500.0,1500.0,333.36,0.04,2650.0,0
S0209,P009,C166,2025-04-29,3,636.41,Karachi,700.0,450.0,-63.59,0.04,742.0,1
S0210,P005,C085,2024-12-31,1,3907.57,Islamabad,3500.0,2200.0,407.57,0.01,3570.0,0
S0211,P002,C191,2025-01-11,4,1683.56,Peshawar,1500.0,950.0,183.56,0.05,1620.0,0
S0212,P007,C128,2024-12-13,2,2252.91,Islamabad,2200.0,1400.0,52.91,0.03,2288.0,0
S0213,P009,C021,2024-09-30,1,757.24,Peshawar,700.0,450.0,57.24,0.01,714.0,0
S0214,P010,C027,2024-07-03,5,1752.19,Lahore,1800.0,1100.0,-47.81,0.06,1980.0,1
S0215,P006,C155,2025-11-07,3,1171.95,Peshawar,1200.0,750.0,-28.05,0.04,1272.0,1
S0216,P003,C011,2025-12-07,4,296.37,Islamabad,300.0,120.0,-3.63,0.05,324.0,1
S0217,P010,C203,2025-03-21,3,1907.76,Lahore,1800.0,1100.0,107.76,0.04,1908.0,0
S0218,P002,C206,2025-11-18,4,1486.24,Karachi,1500.0,950.0,-13.76,0.05,1620.0,1
S0219,P001,C113,2024-05-26,5,1069.52,Lahore,1000.0,650.0,69.52,0.06,1100.0,0
S0220,P003,C094,2024-03-09,2,328.39,Islamabad,300.0,120.0,28.39,0.03,312.0,0
S0221,P007,C174,2025-08-03,1,2312.8,Peshawar,2200.0,1400.0,112.8,0.01,2244.0,0
S0222,P006,C147,2025-01-15,4,1308.93,Karachi,1200.0,750.0,108.93,0.05,1296.0,0
S0223,P009,C072,2025-01-10,4,685.02,Karachi,700.0,450.0,-14.98,0.05,756.0,1
S0224,P002,C100,2024-01-27,2,1537.14,Faisalabad,1500.0,950.0,37.14,0.03,1560.0,0
S0225,P002,C055,2024-09-25,3,1614.01,Faisalabad,1500.0,950.0,114.01,0.04,1590.0,0
S0226,P005,C035,2025-12-11,4,3325.16,Lahore,3500.0,2200.0,-174.84,0.05,3780.0,1
S0227,P008,C208,2024-06-25,4,1034.38,Islamabad,900.0,600.0,134.38,0.05,972.0,0
S0228,P011,C075,2024-12-21,1,1660.0,Islamabad,1600.0,1000.0,60.0,0.01,1632.0,0
S0229,P003,C131,2025-12-29,2,329.53,Karachi,300.0,120.0,29.53,0.03,312.0,0
S0230,P002,C127,2024-07-24,2,1438.78,Lahore,1500.0,950.0,-61.22,0.03,1560.0,1
S0231,P006,C206,2025-07-21,5,1190.67,Faisalabad,1200.0,750.0,-9.33,0.06,1320.0,1
S0232,P003,C102,2025-09-18,1,274.93,Peshawar,300.0,120.0,-25.07,0.01,306.0,1
S0233,P009,C019,2025-02-24,4,774.08,Karachi,700.0,450.0,74.08,0.05,756.0,0
S0234,P006,C175,2025-10-19,1,1214.99,Faisalabad,1200.0,750.0,14.99,0.01,1224.0,0
S0235,P006,C047,2024-05-11,5,1271.94,Karachi,1200.0,750.0,71.94,0.06,1320.0,0
S0236,P007,C133,2025-05-29,1,2437.26,Karachi,2200.0,1400.0,237.26,0.01,2244.0,0
S0237,P005,C182,2024-06-17,2,3432.33,Karachi,3500.0,2200.0,-67.67,0.03,3640.0,1
S0238,P006,C065,2025-06-15,3,1333.78,Karachi,1200.0,750.0,133.78,0.04,1272.0,0
S0239,P011,C078,2025-07-18,3,1490.07,Faisalabad,1600.0,1000.0,-109.93,0.04,1696.0,1
S0240,P009,C152,2024-04-05,5,742.17,Faisalabad,700.0,450.0,42.17,0.06,770.0,0
S0241,P003,C155,2024-06-24,5,324.05,Islamabad,300.0,120.0,24.05,0.06,330.0,0
S0242,P010,C243,2024-02-12,1,1656.55,Faisalabad,1800.0,1100.0,-143.45,0.01,1836.0,1
S0243,P005,C107,2025-10-28,2,3821.09,Faisalabad,3500.0,2200.0,321.09,0.03,3640.0,0
S0244,P011,C140,2024-02-01,4,1795.6,Islamabad,1600.0,1000.0,195.6,0.05,1728.0,0
S0245,P011,C207,2024-11-05,4,1537.95,Peshawar,1600.0,1000.0,-62.05,0.05,1728.0,1
S0246,P005,C041,2025-04-09,1,3752.54,Peshawar,3500.0,2200.0,252.54,0.01,3570.0,0
S0247,P007,C156,2025-05-10,4,2092.21,Karachi,2200.0,1400.0,-107.79,0.05,2376.0,1
S0248,P006,C221,2026-01-05,3,1300.26,Islamabad,1200.0,750.0,100.26,0.04,1272.0,0
S0249,P007,C028,2024-05-13,3,2263.24,Islamabad,2200.0,1400.0,63.24,0.04,2332.0,0
S0250,P004,C064,2025-04-22,1,2417.17,Karachi,2500.0,1500.0,-82.83,0.01,2550.0,1
S0251,P002,C222,2024-02-21,3,1704.52,Faisalabad,1500.0,950.0,204.52,0.04,1590.0,0
S0252,P007,C240,2024-09-11,2,2427.41,Faisalabad,2200.0,1400.0,227.41,0.03,2288.0,0
S0253,P012,C128,2024-11-16,2,872.62,Faisalabad,800.0,500.0,72.62,0.03,832.0,0
S0254,P008,C024,2025-05-25,3,921.91,Peshawar,900.0,600.0,21.91,0.04,954.0,0
S0255,P009,C091,2025-04-13,2,667.65,Lahore,700.0,450.0,-32.35,0.03,728.0,1
S0256,P001,C216,2024-10-15,4,1049.38,Peshawar,1000.0,650.0,49.38,0.05,1080.0,0
S0257,P005,C111,2025-07-03,1,3891.28,Karachi,3500.0,2200.0,391.28,0.01,3570.0,0
S0258,P005,C094,2026-01-14,3,3818.37,Lahore,3500.0,2200.0,318.37,0.04,3710.0,0
S0259,P007,C093,2024-02-22,5,2289.0,Faisalabad,2200.0,1400.0,89.0,0.06,2420.0,0
S0260,P005,C196,2024-03-16,4,3591.22,Faisalabad,3500.0,2200.0,91.22,0.05,3780.0,0
S0261,P005,C250,2025-09-30,5,3253.96,Lahore,3500.0,2200.0,-246.04,0.06,3850.0,1
S0262,P007,C094,2025-01-17,3,2286.81,Karachi,2200.0,1400.0,86.81,0.04,2332.0,0
S0263,P004,C011,2025-09-08,5,2500.87,Lahore,2500.0,1500.0,0.87,0.06,2750.0,0
S0264,P001,C133,2024-05-20,3,1100.99,Peshawar,1000.0,650.0,100.99,0.04,1060.0,0
S0265,P003,C239,2025-09-12,5,280.48,Faisalabad,300.0,120.0,-19.52,0.06,330.0,1
S0266,P006,C190,2024-06-15,4,1377.18,Islamabad,1200.0,750.0,177.18,0.05,1296.0,0
S0267,P010,C137,2024-12-10,5,1992.73,Peshawar,1800.0,1100.0,192.73,0.06,1980.0,0
S0268,P012,C005,2025-07-30,3,814.98,Islamabad,800.0,500.0,14.98,0.04,848.0,0
S0269,P006,C150,2025-11-20,1,1373.97,Islamabad,1200.0,750.0,173.97,0.01,1224.0,0
S0270,P012,C068,2025-12-05,1,839.38,Faisalabad,800.0,500.0,39.38,0.01,816.0,0
S0271,P010,C044,2024-08-21,1,1882.59,Faisalabad,1800.0,1100.0,82.59,0.01,1836.0,0
S0272,P011,C098,2026-01-08,5,1749.84,Karachi,1600.0,1000.0,149.84,0.06,1760.0,0
S0273,P011,C180,2024-09-05,1,1669.03,Lahore,1600.0,1000.0,69.03,0.01,1632.0,0
S0274,P004,C039,2024-01-20,4,2446.06,Peshawar,2500.0,1500.0,-53.94,0.05,2700.0,1
S0275,P012,C157,2024-07-27,4,820.36,Peshawar,800.0,500.0,20.36,0.05,864.0,0
S0276,P012,C133,2026-01-14,1,861.16,Karachi,800.0,500.0,61.16,0.01,816.0,0
S0277,P009,C081,2024-11-28,4,721.96,Karachi,700.0,450.0,21.96,0.05,756.0,0
S0278,P008,C174,2025-06-29,3,932.91,Islamabad,900.0,600.0,32.91,0.04,954.0,0
S0279,P010,C072,2025-05-10,2,2050.8,Faisalabad,1800.0,1100.0,250.8,0.03,1872.0,0
S0280,P005,C181,2024-08-18,3,3824.78,Karachi,3500.0,2200.0,324.78,0.04,3710.0,0
S0281,P012,C090,2025-12-22,4,783.41,Faisalabad,800.0,500.0,-16.59,0.05,864.0,1
S0282,P012,C174,2024-10-07,3,744.37,Faisalabad,800.0,500.0,-55.63,0.04,848.0,1
S0283,P007,C206,2025-02-08,3,2505.03,Karachi,2200.0,1400.0,305.03,0.04,2332.0,0
S0284,P005,C021,2024-02-13,3,3985.9,Islamabad,3500.0,2200.0,485.9,0.04,3710.0,0
S0285,P008,C055,2025-11-02,3,978.15,Karachi,900.0,600.0,78.15,0.04,954.0,0
S0286,P009,C036,2024-10-04,5,751.83,Lahore,700.0,450.0,51.83,0.06,770.0,0
S0287,P010,C013,2026-01-28,5,1727.68,Faisalabad,1800.0,1100.0,-72.32,0.06,1980.0,1
S0288,P004,C106,2025-10-15,2,2282.81,Islamabad,2500.0,1500.0,-217.19,0.03,2600.0,1
S0289,P012,C036,2025-04-28,1,856.24,Lahore,800.0,500.0,56.24,0.01,816.0,0
S0290,P009,C226,2024-06-10,4,744.26,Peshawar,700.0,450.0,44.26,0.05,756.0,0
S0291,P008,C074,2025-10-28,2,980.08,Islamabad,900.0,600.0,80.08,0.03,936.0,0
S0292,P005,C023,2025-10-23,1,3944.44,Faisalabad,3500.0,2200.0,444.44,0.01,3570.0,0
S0293,P004,C045,2025-07-01,1,2820.77,Peshawar,2500.0,1500.0,320.77,0.01,2550.0,0
S0294,P003,C048,2024-02-07,4,329.1,Islamabad,300.0,120.0,29.1,0.05,324.0,0
S0295,P001,C028,2024-01-10,3,1041.99,Islamabad,1000.0,650.0,41.99,0.04,1060.0,0
S0296,P005,C228,2025-04-10,5,3608.78,Karachi,3500.0,2200.0,108.78,0.06,3850.0,0
S0297,P009,C029,2025-04-24,3,663.74,Islamabad,700.0,450.0,-36.26,0.04,742.0,1
S0298,P003,C184,2026-01-18,4,318.62,Karachi,300.0,120.0,18.62,0.05,324.0,0
S0299,P001,C146,2026-01-24,3,1097.69,Karachi,1000.0,650.0,97.69,0.04,1060.0,0
S0300,P003,C132,2025-09-17,4,332.02,Islamabad,300.0,120.0,32.02,0.05,324.0,0
S0301,P002,C036,2025-02-14,1,1419.29,Peshawar,1500.0,950.0,-80.71,0.01,1530.0,1
S0302,P006,C061,2024-09-11,1,1158.24,Peshawar,1200.0,750.0,-41.76,0.01,1224.0,1
S0303,P005,C147,2024-12-03,3,3659.65,Lahore,3500.0,2200.0,159.65,0.04,3710.0,0
S0304,P005,C016,2025-10-31,3,3756.17,Lahore,3500.0,2200.0,256.17,0.04,3710.0,0
S0305,P008,C129,2024-11-10,2,901.22,Islamabad,900.0,600.0,1.22,0.03,936.0,0
S0306,P012,C057,2024-04-30,3,793.51,Karachi,800.0,500.0,-6.49,0.04,848.0,1
S0307,P003,C156,2025-05-04,2,304.12,Islamabad,300.0,120.0,4.12,0.03,312.0,0
S0308,P007,C194,2025-12-19,5,2482.04,Faisalabad,2200.0,1400.0,282.04,0.06,2420.0,0
S0309,P011,C153,2024-08-11,2,1712.14,Lahore,1600.0,1000.0,112.14,0.03,1664.0,0
S0310,P009,C020,2025-04-02,5,753.16,Faisalabad,700.0,450.0,53.16,0.06,770.0,0
S0311,P002,C052,2024-03-04,5,1688.58,Faisalabad,1500.0,950.0,188.58,0.06,1650.0,0
S0312,P009,C134,2024-06-02,2,687.42,Peshawar,700.0,450.0,-12.58,0.03,728.0,1
S0313,P002,C126,2025-11-27,2,1618.84,Lahore,1500.0,950.0,118.84,0.03,1560.0,0
S0314,P009,C132,2025-04-01,1,709.35,Peshawar,700.0,450.0,9.35,0.01,714.0,0
S0315,P008,C173,2025-07-31,1,935.73,Islamabad,900.0,600.0,35.73,0.01,918.0,0
S0316,P012,C001,2024-01-23,4,770.89,Karachi,800.0,500.0,-29.11,0.05,864.0,1
S0317,P010,C180,2024-03-15,1,1810.66,Lahore,1800.0,1100.0,10.66,0.01,1836.0,0
S0318,P009,C121,2024-03-02,1,802.57,Lahore,700.0,450.0,102.57,0.01,714.0,0
S0319,P005,C197,2025-02-22,2,3822.85,Peshawar,3500.0,2200.0,322.85,0.03,3640.0,0
S0320,P006,C233,2025-01-26,4,1340.89,Peshawar,1200.0,750.0,140.89,0.05,1296.0,0
S0321,P007,C221,2024-03-23,5,2053.14,Islamabad,2200.0,1400.0,-146.86,0.06,2420.0,1
S0322,P002,C033,2024-07-01,5,1497.4,Karachi,1500.0,950.0,-2.6,0.06,1650.0,1
S0323,P001,C119,2026-02-13,1,1144.62,Faisalabad,1000.0,650.0,144.62,0.01,1020.0,0
S0324,P007,C064,2025-06-28,4,2432.85,Peshawar,2200.0,1400.0,232.85,0.05,2376.0,0
S0325,P006,C225,2024-06-07,3,1136.54,Lahore,1200.0,750.0,-63.46,0.04,1272.0,1
S0326,P001,C240,2025-11-07,4,1053.73,Lahore,1000.0,650.0,53.73,0.05,1080.0,0
S0327,P004,C009,2024-07-30,1,2313.06,Peshawar,2500.0,1500.0,-186.94,0.01,2550.0,1
S0328,P010,C012,2025-11-19,1,1730.13,Peshawar,1800.0,1100.0,-69.87,0.01,1836.0,1
S0329,P008,C222,2024-08-27,5,858.89,Lahore,900.0,600.0,-41.11,0.06,990.0,1
S0330,P003,C235,2025-05-30,3,287.56,Faisalabad,300.0,120.0,-12.44,0.04,318.0,1
S0331,P006,C210,2025-08-14,5,1311.76,Islamabad,1200.0,750.0,111.76,0.06,1320.0,0
S0332,P004,C134,2024-11-05,2,2866.06,Karachi,2500.0,1500.0,366.06,0.03,2600.0,0
S0333,P007,C243,2024-11-03,3,2013.53,Faisalabad,2200.0,1400.0,-186.47,0.04,2332.0,1
S0334,P012,C013,2024-06-28,4,831.17,Islamabad,800.0,500.0,31.17,0.05,864.0,0
S0335,P011,C082,2025-11-18,4,1754.32,Peshawar,1600.0,1000.0,154.32,0.05,1728.0,0
S0336,P007,C194,2024-06-01,3,2187.05,Faisalabad,2200.0,1400.0,-12.95,0.04,2332.0,1
S0337,P008,C182,2024-09-03,2,877.67,Karachi,900.0,600.0,-22.33,0.03,936.0,1
S0338,P008,C107,2024-02-29,5,902.85,Faisalabad,900.0,600.0,2.85,0.06,990.0,0
S0339,P009,C053,2024-05-17,4,672.5,Islamabad,700.0,450.0,-27.5,0.05,756.0,1
S0340,P011,C024,2024-03-21,4,1778.85,Faisalabad,1600.0,1000.0,178.85,0.05,1728.0,0
S0341,P012,C173,2024-07-14,1,773.69,Faisalabad,800.0,500.0,-26.31,0.01,816.0,1
S0342,P010,C195,2024-02-10,1,1704.67,Faisalabad,1800.0,1100.0,-95.33,0.01,1836.0,1
S0343,P012,C054,2025-11-18,5,763.4,Islamabad,800.0,500.0,-36.6,0.06,880.0,1
S0344,P005,C247,2024-01-16,2,3970.01,Lahore,3500.0,2200.0,470.01,0.03,3640.0,0
S0345,P012,C179,2026-02-11,4,902.89,Faisalabad,800.0,500.0,102.89,0.05,864.0,0
S0346,P012,C142,2024-07-28,4,903.03,Islamabad,800.0,500.0,103.03,0.05,864.0,0
S0347,P005,C092,2025-01-24,4,3616.94,Islamabad,3500.0,2200.0,116.94,0.05,3780.0,0
S0348,P005,C120,2025-01-03,5,3922.46,Lahore,3500.0,2200.0,422.46,0.06,3850.0,0
S0349,P012,C095,2025-04-25,3,902.87,Islamabad,800.0,500.0,102.87,0.04,848.0,0
S0350,P007,C190,2024-02-16,5,2455.25,Karachi,2200.0,1400.0,255.25,0.06,2420.0,0
S0351,P001,C149,2024-09-24,5,1133.69,Peshawar,1000.0,650.0,133.69,0.06,1100.0,0
S0352,P005,C098,2024-06-05,2,3438.63,Faisalabad,3500.0,2200.0,-61.37,0.03,3640.0,1
S0353,P004,C176,2025-05-26,5,2659.13,Islamabad,2500.0,1500.0,159.13,0.06,2750.0,0
S0354,P005,C165,2026-02-20,4,3995.69,Peshawar,3500.0,2200.0,495.69,0.05,3780.0,0
S0355,P008,C185,2024-06-21,3,848.08,Faisalabad,900.0,600.0,-51.92,0.04,954.0,1
S0356,P008,C246,2024-07-07,5,1032.82,Lahore,900.0,600.0,132.82,0.06,990.0,0
S0357,P009,C172,2024-02-04,1,795.41,Lahore,700.0,450.0,95.41,0.01,714.0,0
S0358,P001,C060,2025-02-26,2,1110.64,Lahore,1000.0,650.0,110.64,0.03,1040.0,0
S0359,P012,C117,2024-06-03,1,763.74,Islamabad,800.0,500.0,-36.26,0.01,816.0,1
S0360,P001,C169,2025-09-24,5,1128.19,Peshawar,1000.0,650.0,128.19,0.06,1100.0,0
S0361,P001,C004,2024-01-07,5,1037.91,Lahore,1000.0,650.0,37.91,0.06,1100.0,0
S0362,P009,C074,2026-01-09,3,723.75,Lahore,700.0,450.0,23.75,0.04,742.0,0
S0363,P009,C233,2025-12-15,4,771.08,Karachi,700.0,450.0,71.08,0.05,756.0,0
S0364,P002,C050,2024-04-08,5,1405.84,Faisalabad,1500.0,950.0,-94.16,0.06,1650.0,1
S0365,P009,C102,2024-09-15,3,676.78,Lahore,700.0,450.0,-23.22,0.04,742.0,1
S0366,P006,C179,2025-02-19,4,1249.5,Karachi,1200.0,750.0,49.5,0.05,1296.0,0
S0367,P005,C220,2025-12-01,1,3722.02,Lahore,3500.0,2200.0,222.02,0.01,3570.0,0
S0368,P002,C122,2025-02-19,4,1491.44,Lahore,1500.0,950.0,-8.56,0.05,1620.0,1
S0369,P011,C217,2024-01-10,2,1473.07,Peshawar,1600.0,1000.0,-126.93,0.03,1664.0,1
S0370,P011,C250,2024-12-05,5,1830.93,Lahore,1600.0,1000.0,230.93,0.06,1760.0,0
S0371,P009,C223,2024-02-13,2,667.0,Faisalabad,700.0,450.0,-33.0,0.03,728.0,1
S0372,P008,C176,2024-10-04,1,1017.94,Islamabad,900.0,600.0,117.94,0.01,918.0,0
S0373,P009,C218,2025-07-31,1,661.39,Islamabad,700.0,450.0,-38.61,0.01,714.0,1
S0374,P001,C211,2024-07-31,5,936.05,Peshawar,1000.0,650.0,-63.95,0.06,1100.0,1
S0375,P002,C146,2024-11-02,2,1561.48,Peshawar,1500.0,950.0,61.48,0.03,1560.0,0
S0376,P011,C190,2025-07-07,3,1593.54,Karachi,1600.0,1000.0,-6.46,0.04,1696.0,1
S0377,P012,C250,2026-01-11,1,820.16,Islamabad,800.0,500.0,20.16,0.01,816.0,0
S0378,P001,C020,2024-04-10,4,958.04,Islamabad,1000.0,650.0,-41.96,0.05,1080.0,1
S0379,P010,C102,2026-02-26,5,2049.69,Islamabad,1800.0,1100.0,249.69,0.06,1980.0,0
S0380,P001,C116,2025-10-11,3,1095.89,Peshawar,1000.0,650.0,95.89,0.04,1060.0,0
S0381,P004,C111,2024-12-30,5,2838.21,Karachi,2500.0,1500.0,338.21,0.06,2750.0,0
S0382,P011,C159,2025-08-22,4,1474.28,Islamabad,1600.0,1000.0,-125.72,0.05,1728.0,1
S0383,P004,C040,2025-12-31,1,2301.27,Peshawar,2500.0,1500.0,-198.73,0.01,2550.0,1
S0384,P012,C082,2025-10-11,2,867.93,Islamabad,800.0,500.0,67.93,0.03,832.0,0
S0385,P002,C114,2024-04-03,1,1703.61,Islamabad,1500.0,950.0,203.61,0.01,1530.0,0
S0386,P005,C111,2024-04-14,2,3226.39,Peshawar,3500.0,2200.0,-273.61,0.03,3640.0,1
S0387,P009,C007,2025-07-22,5,701.41,Lahore,700.0,450.0,1.41,0.06,770.0,0
S0388,P006,C201,2025-07-21,1,1259.08,Islamabad,1200.0,750.0,59.08,0.01,1224.0,0
S0389,P007,C200,2024-01-13,3,2207.6,Lahore,2200.0,1400.0,7.6,0.04,2332.0,0
S0390,P012,C044,2025-07-26,2,834.39,Peshawar,800.0,500.0,34.39,0.03,832.0,0
S0391,P003,C127,2024-05-22,3,292.58,Karachi,300.0,120.0,-7.42,0.04,318.0,1
S0392,P002,C077,2024-06-20,4,1453.49,Peshawar,1500.0,950.0,-46.51,0.05,1620.0,1
S0393,P002,C185,2025-01-04,3,1704.08,Peshawar,1500.0,950.0,204.08,0.04,1590.0,0
S0394,P010,C035,2025-09-23,2,1826.04,Islamabad,1800.0,1100.0,26.04,0.03,1872.0,0
S0395,P001,C098,2025-02-09,3,1110.4,Islamabad,1000.0,650.0,110.4,0.04,1060.0,0
S0396,P008,C221,2024-12-08,4,993.48,Faisalabad,900.0,600.0,93.48,0.05,972.0,0
S0397,P003,C178,2024-11-03,3,315.24,Karachi,300.0,120.0,15.24,0.04,318.0,0
S0398,P008,C248,2024-11-17,2,1027.03,Islamabad,900.0,600.0,127.03,0.03,936.0,0
S0399,P005,C201,2026-01-22,4,3996.79,Karachi,3500.0,2200.0,496.79,0.05,3780.0,0
S0400,P006,C101,2025-01-20,3,1324.95,Islamabad,1200.0,750.0,124.95,0.04,1272.0,0
S0401,P002,C140,2025-07-31,2,1572.09,Karachi,1500.0,950.0,72.09,0.03,1560.0,0
S0402,P011,C187,2026-02-25,5,1450.77,Peshawar,1600.0,1000.0,-149.23,0.06,1760.0,1
S0403,P012,C213,2024-08-02,4,879.54,Lahore,800.0,500.0,79.54,0.05,864.0,0
S0404,P007,C078,2025-11-20,4,2056.55,Karachi,2200.0,1400.0,-143.45,0.05,2376.0,1
S0405,P005,C203,2025-11-05,2,3775.83,Peshawar,3500.0,2200.0,275.83,0.03,3640.0,0
S0406,P002,C103,2025-04-04,5,1529.71,Faisalabad,1500.0,950.0,29.71,0.06,1650.0,0
S0407,P009,C203,2025-12-09,4,725.14,Islamabad,700.0,450.0,25.14,0.05,756.0,0
S0408,P012,C022,2025-07-03,5,847.64,Lahore,800.0,500.0,47.64,0.06,880.0,0
S0409,P004,C157,2025-11-04,3,2353.96,Lahore,2500.0,1500.0,-146.04,0.04,2650.0,1
S0410,P010,C085,2025-10-22,4,2055.07,Peshawar,1800.0,1100.0,255.07,0.05,1944.0,0
S0411,P002,C131,2024-01-11,1,1447.03,Faisalabad,1500.0,950.0,-52.97,0.01,1530.0,1
S0412,P009,C096,2025-08-17,5,668.68,Peshawar,700.0,450.0,-31.32,0.06,770.0,1
S0413,P008,C039,2026-03-01,5,965.35,Islamabad,900.0,600.0,65.35,0.06,990.0,0
S0414,P001,C236,2025-05-09,1,973.86,Lahore,1000.0,650.0,-26.14,0.01,1020.0,1
S0415,P002,C088,2026-01-17,2,1480.62,Peshawar,1500.0,950.0,-19.38,0.03,1560.0,1
S0416,P004,C025,2025-06-17,4,2467.69,Peshawar,2500.0,1500.0,-32.31,0.05,2700.0,1
S0417,P012,C077,2025-12-14,4,783.78,Lahore,800.0,500.0,-16.22,0.05,864.0,1
S0418,P012,C166,2024-04-27,1,889.84,Lahore,800.0,500.0,89.84,0.01,816.0,0
S0419,P011,C142,2024-06-17,2,1646.4,Karachi,1600.0,1000.0,46.4,0.03,1664.0,0
S0420,P006,C060,2025-07-27,4,1367.54,Peshawar,1200.0,750.0,167.54,0.05,1296.0,0
S0421,P011,C111,2024-07-07,2,1696.19,Peshawar,1600.0,1000.0,96.19,0.03,1664.0,0
S0422,P001,C116,2026-01-25,5,1120.77,Faisalabad,1000.0,650.0,120.77,0.06,1100.0,0
S0423,P007,C053,2025-02-02,1,2367.6,Islamabad,2200.0,1400.0,167.6,0.01,2244.0,0
S0424,P012,C224,2024-03-05,5,740.35,Faisalabad,800.0,500.0,-59.65,0.06,880.0,1
S0425,P003,C030,2025-01-09,3,284.78,Islamabad,300.0,120.0,-15.22,0.04,318.0,1
S0426,P011,C081,2025-05-16,5,1826.37,Faisalabad,1600.0,1000.0,226.37,0.06,1760.0,0
S0427,P007,C090,2025-09-17,4,2302.85,Islamabad,2200.0,1400.0,102.85,0.05,2376.0,0
S0428,P008,C181,2025-09-24,2,993.09,Islamabad,900.0,600.0,93.09,0.03,936.0,0
S0429,P010,C081,2025-08-27,1,1922.45,Lahore,1800.0,1100.0,122.45,0.01,1836.0,0
S0430,P004,C178,2024-11-08,1,2364.4,Karachi,2500.0,1500.0,-135.6,0.01,2550.0,1
S0431,P009,C148,2025-02-01,4,734.37,Peshawar,700.0,450.0,34.37,0.05,756.0,0
S0432,P007,C178,2024-07-09,4,2329.53,Karachi,2200.0,1400.0,129.53,0.05,2376.0,0
S0433,P009,C048,2024-06-19,4,680.55,Islamabad,700.0,450.0,-19.45,0.05,756.0,1
S0434,P008,C244,2025-09-26,1,1004.74,Lahore,900.0,600.0,104.74,0.01,918.0,0
S0435,P008,C247,2024-05-19,2,993.42,Faisalabad,900.0,600.0,93.42,0.03,936.0,0
S0436,P009,C126,2025-10-30,4,701.6,Peshawar,700.0,450.0,1.6,0.05,756.0,0
S0437,P012,C145,2025-03-30,4,753.45,Lahore,800.0,500.0,-46.55,0.05,864.0,1
S0438,P004,C138,2024-10-26,1,2421.78,Islamabad,2500.0,1500.0,-78.22,0.01,2550.0,1
S0439,P003,C198,2026-03-10,4,312.42,Peshawar,300.0,120.0,12.42,0.05,324.0,0
S0440,P009,C069,2025-06-07,1,730.22,Faisalabad,700.0,450.0,30.22,0.01,714.0,0
S0441,P006,C113,2025-07-09,1,1308.0,Faisalabad,1200.0,750.0,108.0,0.01,1224.0,0
S0442,P004,C168,2025-03-11,1,2709.99,Karachi,2500.0,1500.0,209.99,0.01,2550.0,0
S0443,P005,C221,2024-02-03,4,3379.96,Lahore,3500.0,2200.0,-120.04,0.05,3780.0,1
S0444,P008,C189,2024-04-30,2,857.22,Faisalabad,900.0,600.0,-42.78,0.03,936.0,1
S0445,P012,C043,2024-12-25,5,846.55,Faisalabad,800.0,500.0,46.55,0.06,880.0,0
S0446,P003,C146,2024-07-30,2,330.41,Islamabad,300.0,120.0,30.41,0.03,312.0,0
S0447,P009,C083,2024-10-14,5,724.28,Islamabad,700.0,450.0,24.28,0.06,770.0,0
S0448,P005,C132,2025-08-09,3,3983.35,Lahore,3500.0,2200.0,483.35,0.04,3710.0,0
S0449,P003,C071,2026-02-07,4,338.91,Karachi,300.0,120.0,38.91,0.05,324.0,0
S0450,P012,C083,2024-05-15,2,749.25,Karachi,800.0,500.0,-50.75,0.03,832.0,1
S0451,P011,C162,2025-02-06,4,1496.87,Islamabad,1600.0,1000.0,-103.13,0.05,1728.0,1
S0452,P011,C163,2025-02-28,4,1620.8,Lahore,1600.0,1000.0,20.8,0.05,1728.0,0
S0453,P007,C225,2025-06-11,3,2362.09,Islamabad,2200.0,1400.0,162.09,0.04,2332.0,0
S0454,P008,C223,2025-05-14,3,940.94,Lahore,900.0,600.0,40.94,0.04,954.0,0
S0455,P012,C204,2025-04-14,3,890.02,Faisalabad,800.0,500.0,90.02,0.04,848.0,0
S0456,P007,C127,2024-08-11,4,2433.67,Islamabad,2200.0,1400.0,233.67,0.05,2376.0,0
S0457,P006,C034,2024-10-17,3,1244.19,Faisalabad,1200.0,750.0,44.19,0.04,1272.0,0
S0458,P008,C161,2024-12-17,1,820.34,Peshawar,900.0,600.0,-79.66,0.01,918.0,1
S0459,P001,C001,2024-05-07,2,1010.32,Peshawar,1000.0,650.0,10.32,0.03,1040.0,0
S0460,P004,C078,2025-12-06,2,2801.34,Karachi,2500.0,1500.0,301.34,0.03,2600.0,0
S0461,P005,C096,2024-04-05,3,3369.09,Karachi,3500.0,2200.0,-130.91,0.04,3710.0,1
S0462,P001,C194,2025-02-09,3,1081.5,Karachi,1000.0,650.0,81.5,0.04,1060.0,0
S0463,P007,C001,2025-11-02,1,2367.03,Karachi,2200.0,1400.0,167.03,0.01,2244.0,0
S0464,P008,C133,2024-03-20,2,943.58,Peshawar,900.0,600.0,43.58,0.03,936.0,0
S0465,P001,C221,2024-01-09,3,1104.28,Peshawar,1000.0,650.0,104.28,0.04,1060.0,0
S0466,P012,C099,2024-05-15,4,734.17,Lahore,800.0,500.0,-65.83,0.05,864.0,1
S0467,P012,C226,2024-04-14,1,782.67,Islamabad,800.0,500.0,-17.33,0.01,816.0,1
S0468,P003,C174,2025-01-26,2,318.12,Karachi,300.0,120.0,18.12,0.03,312.0,0
S0469,P002,C167,2025-06-27,5,1353.18,Karachi,1500.0,950.0,-146.82,0.06,1650.0,1
S0470,P008,C039,2024-12-25,2,951.32,Peshawar,900.0,600.0,51.32,0.03,936.0,0
S0471,P010,C023,2025-12-04,4,2006.98,Lahore,1800.0,1100.0,206.98,0.05,1944.0,0
S0472,P003,C099,2026-02-09,1,314.22,Islamabad,300.0,120.0,14.22,0.01,306.0,0
S0473,P007,C166,2024-11-18,2,2116.28,Lahore,2200.0,1400.0,-83.72,0.03,2288.0,1
S0474,P004,C156,2025-07-20,5,2625.0,Islamabad,2500.0,1500.0,125.0,0.06,2750.0,0
S0475,P012,C156,2024-01-28,3,761.09,Faisalabad,800.0,500.0,-38.91,0.04,848.0,1
S0476,P004,C014,2026-02-04,4,2434.71,Karachi,2500.0,1500.0,-65.29,0.05,2700.0,1
S0477,P008,C164,2025-01-30,1,864.24,Faisalabad,900.0,600.0,-35.76,0.01,918.0,1
S0478,P002,C240,2025-06-24,1,1720.08,Islamabad,1500.0,950.0,220.08,0.01,1530.0,0
S0479,P003,C140,2025-01-31,5,301.56,Karachi,300.0,120.0,1.56,0.06,330.0,0
S0480,P008,C018,2026-02-27,1,813.76,Lahore,900.0,600.0,-86.24,0.01,918.0,1
S0481,P005,C243,2024-08-08,1,3957.26,Peshawar,3500.0,2200.0,457.26,0.01,3570.0,0
S0482,P009,C109,2024-10-20,5,764.24,Peshawar,700.0,450.0,64.24,0.06,770.0,0
S0483,P002,C040,2025-10-17,5,1551.62,Islamabad,1500.0,950.0,51.62,0.06,1650.0,0
S0484,P002,C053,2024-11-13,1,1541.74,Karachi,1500.0,950.0,41.74,0.01,1530.0,0
S0485,P009,C196,2024-11-30,4,732.63,Lahore,700.0,450.0,32.63,0.05,756.0,0
S0486,P005,C217,2025-12-16,4,3788.71,Karachi,3500.0,2200.0,288.71,0.05,3780.0,0
S0487,P001,C030,2024-09-07,1,1131.16,Peshawar,1000.0,650.0,131.16,0.01,1020.0,0
S0488,P010,C190,2025-09-15,1,1759.18,Karachi,1800.0,1100.0,-40.82,0.01,1836.0,1
S0489,P002,C042,2024-01-13,2,1613.06,Peshawar,1500.0,950.0,113.06,0.03,1560.0,0
S0490,P006,C185,2025-06-19,5,1314.9,Islamabad,1200.0,750.0,114.9,0.06,1320.0,0
S0491,P003,C224,2025-01-15,2,326.23,Islamabad,300.0,120.0,26.23,0.03,312.0,0
S0492,P012,C110,2024-04-30,1,787.0,Islamabad,800.0,500.0,-13.0,0.01,816.0,1
S0493,P009,C148,2024-03-06,3,754.66,Lahore,700.0,450.0,54.66,0.04,742.0,0
S0494,P008,C128,2025-04-11,5,891.03,Faisalabad,900.0,600.0,-8.97,0.06,990.0,1
S0495,P003,C027,2025-01-11,2,289.13,Faisalabad,300.0,120.0,-10.87,0.03,312.0,1
S0496,P011,C131,2026-01-10,1,1531.36,Lahore,1600.0,1000.0,-68.64,0.01,1632.0,1
S0497,P001,C094,2024-01-13,2,911.5,Peshawar,1000.0,650.0,-88.5,0.03,1040.0,1
S0498,P003,C234,2024-07-02,1,311.46,Peshawar,300.0,120.0,11.46,0.01,306.0,0
S0499,P004,C185,2024-11-25,2,2510.16,Islamabad,2500.0,1500.0,10.16,0.03,2600.0,0
S0500,P005,C129,2024-03-20,5,3476.21,Lahore,3500.0,2200.0,-23.79,0.06,3850.0,1
S0501,P003,C245,2024-08-16,5,343.61,Peshawar,300.0,120.0,43.61,0.06,330.0,0
S0502,P002,C080,2025-04-21,3,1640.07,Islamabad,1500.0,950.0,140.07,0.04,1590.0,0
S0503,P002,C052,2025-07-20,4,1352.99,Islamabad,1500.0,950.0,-147.01,0.05,1620.0,1
S0504,P010,C095,2024-11-07,5,1729.16,Faisalabad,1800.0,1100.0,-70.84,0.06,1980.0,1
S0505,P008,C140,2026-03-02,2,974.8,Karachi,900.0,600.0,74.8,0.03,936.0,0
S0506,P003,C139,2024-01-07,4,271.79,Islamabad,300.0,120.0,-28.21,0.05,324.0,1
S0507,P011,C001,2025-12-11,1,1820.4,Peshawar,1600.0,1000.0,220.4,0.01,1632.0,0
S0508,P012,C136,2026-01-14,3,740.79,Karachi,800.0,500.0,-59.21,0.04,848.0,1
S0509,P007,C037,2025-05-18,1,2514.91,Islamabad,2200.0,1400.0,314.91,0.01,2244.0,0
S0510,P002,C134,2024-02-14,2,1686.48,Peshawar,1500.0,950.0,186.48,0.03,1560.0,0
S0511,P012,C022,2025-01-16,4,914.91,Faisalabad,800.0,500.0,114.91,0.05,864.0,0
S0512,P002,C101,2025-06-01,2,1588.96,Lahore,1500.0,950.0,88.96,0.03,1560.0,0
S0513,P010,C247,2025-08-04,1,1815.74,Karachi,1800.0,1100.0,15.74,0.01,1836.0,0
S0514,P004,C238,2024-10-25,3,2781.82,Peshawar,2500.0,1500.0,281.82,0.04,2650.0,0
S0515,P012,C070,2026-01-23,3,783.61,Karachi,800.0,500.0,-16.39,0.04,848.0,1
S0516,P002,C150,2024-07-26,2,1642.48,Lahore,1500.0,950.0,142.48,0.03,1560.0,0
S0517,P003,C081,2024-04-18,2,303.72,Peshawar,300.0,120.0,3.72,0.03,312.0,0
S0518,P002,C054,2025-07-02,3,1711.74,Peshawar,1500.0,950.0,211.74,0.04,1590.0,0
S0519,P005,C024,2025-04-19,3,3895.92,Karachi,3500.0,2200.0,395.92,0.04,3710.0,0
S0520,P011,C214,2024-11-07,5,1456.13,Islamabad,1600.0,1000.0,-143.87,0.06,1760.0,1
S0521,P003,C102,2024-04-03,2,342.63,Faisalabad,300.0,120.0,42.63,0.03,312.0,0
S0522,P001,C045,2025-11-24,3,965.04,Lahore,1000.0,650.0,-34.96,0.04,1060.0,1
S0523,P007,C064,2025-04-08,5,2391.44,Lahore,2200.0,1400.0,191.44,0.06,2420.0,0
S0524,P008,C016,2024-04-14,2,837.33,Karachi,900.0,600.0,-62.67,0.03,936.0,1
S0525,P003,C162,2024-07-21,4,297.92,Lahore,300.0,120.0,-2.08,0.05,324.0,1
S0526,P010,C020,2025-08-23,3,2032.84,Lahore,1800.0,1100.0,232.84,0.04,1908.0,0
S0527,P002,C024,2024-07-21,4,1653.49,Islamabad,1500.0,950.0,153.49,0.05,1620.0,0
S0528,P002,C237,2024-02-13,4,1368.99,Faisalabad,1500.0,950.0,-131.01,0.05,1620.0,1
S0529,P007,C098,2026-01-11,4,2252.87,Peshawar,2200.0,1400.0,52.87,0.05,2376.0,0
S0530,P003,C071,2024-12-28,2,338.12,Islamabad,300.0,120.0,38.12,0.03,312.0,0
S0531,P008,C158,2024-06-01,1,948.17,Karachi,900.0,600.0,48.17,0.01,918.0,0
S0532,P011,C141,2024-10-29,4,1604.8,Peshawar,1600.0,1000.0,4.8,0.05,1728.0,0
S0533,P001,C108,2024-03-30,3,995.75,Karachi,1000.0,650.0,-4.25,0.04,1060.0,1
S0534,P011,C206,2025-06-22,2,1692.3,Faisalabad,1600.0,1000.0,92.3,0.03,1664.0,0
S0535,P001,C201,2025-01-26,3,1019.92,Peshawar,1000.0,650.0,19.92,0.04,1060.0,0
S0536,P006,C070,2025-08-02,5,1176.48,Karachi,1200.0,750.0,-23.52,0.06,1320.0,1
S0537,P001,C230,2024-11-22,5,954.76,Islamabad,1000.0,650.0,-45.24,0.06,1100.0,1
S0538,P001,C150,2025-04-28,5,989.36,Karachi,1000.0,650.0,-10.64,0.06,1100.0,1
S0539,P003,C069,2024-04-12,2,319.26,Faisalabad,300.0,120.0,19.26,0.03,312.0,0
S0540,P012,C205,2024-02-27,2,835.14,Peshawar,800.0,500.0,35.14,0.03,832.0,0
S0541,P006,C082,2024-06-26,2,1150.97,Islamabad,1200.0,750.0,-49.03,0.03,1248.0,1
S0542,P010,C145,2024-01-29,3,2046.4,Karachi,1800.0,1100.0,246.4,0.04,1908.0,0
S0543,P010,C045,2024-07-11,4,1863.96,Peshawar,1800.0,1100.0,63.96,0.05,1944.0,0
S0544,P001,C057,2024-04-02,1,958.16,Lahore,1000.0,650.0,-41.84,0.01,1020.0,1
S0545,P009,C158,2025-05-04,1,688.05,Karachi,700.0,450.0,-11.95,0.01,714.0,1
S0546,P003,C217,2024-12-14,2,338.91,Islamabad,300.0,120.0,38.91,0.03,312.0,0
S0547,P001,C235,2024-01-23,2,1046.65,Karachi,1000.0,650.0,46.65,0.03,1040.0,0
S0548,P002,C096,2025-06-22,3,1710.21,Peshawar,1500.0,950.0,210.21,0.04,1590.0,0
S0549,P010,C035,2024-04-13,3,1755.79,Karachi,1800.0,1100.0,-44.21,0.04,1908.0,1
S0550,P012,C045,2025-03-23,4,849.84,Faisalabad,800.0,500.0,49.84,0.05,864.0,0
S0551,P012,C151,2025-09-20,3,764.65,Karachi,800.0,500.0,-35.35,0.04,848.0,1
S0552,P007,C187,2024-11-10,3,2050.04,Lahore,2200.0,1400.0,-149.96,0.04,2332.0,1
S0553,P012,C198,2025-08-09,4,890.15,Faisalabad,800.0,500.0,90.15,0.05,864.0,0
S0554,P001,C208,2024-07-05,5,979.55,Faisalabad,1000.0,650.0,-20.45,0.06,1100.0,1
S0555,P004,C128,2025-10-16,5,2315.07,Karachi,2500.0,1500.0,-184.93,0.06,2750.0,1
S0556,P006,C082,2026-02-02,1,1151.4,Karachi,1200.0,750.0,-48.6,0.01,1224.0,1
S0557,P011,C068,2024-03-31,3,1618.65,Karachi,1600.0,1000.0,18.65,0.04,1696.0,0
S0558,P004,C202,2025-12-10,1,2469.05,Lahore,2500.0,1500.0,-30.95,0.01,2550.0,1
S0559,P012,C188,2024-01-02,1,797.19,Peshawar,800.0,500.0,-2.81,0.01,816.0,1
S0560,P003,C090,2025-02-27,4,336.13,Faisalabad,300.0,120.0,36.13,0.05,324.0,0
S0561,P007,C148,2024-04-13,4,2413.8,Karachi,2200.0,1400.0,213.8,0.05,2376.0,0
S0562,P003,C009,2025-04-07,1,329.94,Islamabad,300.0,120.0,29.94,0.01,306.0,0
S0563,P001,C019,2024-11-22,3,1137.92,Islamabad,1000.0,650.0,137.92,0.04,1060.0,0
S0564,P003,C141,2025-01-19,2,324.9,Lahore,300.0,120.0,24.9,0.03,312.0,0
S0565,P006,C181,2025-08-31,5,1347.97,Lahore,1200.0,750.0,147.97,0.06,1320.0,0
S0566,P007,C112,2025-10-31,2,2314.02,Karachi,2200.0,1400.0,114.02,0.03,2288.0,0
S0567,P001,C049,2024-04-13,3,951.39,Peshawar,1000.0,650.0,-48.61,0.04,1060.0,1
S0568,P012,C073,2025-07-21,5,773.05,Islamabad,800.0,500.0,-26.95,0.06,880.0,1
S0569,P004,C141,2024-04-08,1,2495.56,Peshawar,2500.0,1500.0,-4.44,0.01,2550.0,1
S0570,P003,C023,2024-02-25,3,270.29,Islamabad,300.0,120.0,-29.71,0.04,318.0,1
S0571,P011,C025,2025-10-02,5,1632.13,Lahore,1600.0,1000.0,32.13,0.06,1760.0,0
S0572,P004,C122,2024-06-23,3,2860.66,Lahore,2500.0,1500.0,360.66,0.04,2650.0,0
S0573,P005,C170,2025-02-11,4,3577.96,Islamabad,3500.0,2200.0,77.96,0.05,3780.0,0
S0574,P002,C095,2025-10-19,5,1495.32,Peshawar,1500.0,950.0,-4.68,0.06,1650.0,1
S0575,P006,C113,2024-07-10,4,1093.39,Peshawar,1200.0,750.0,-106.61,0.05,1296.0,1
S0576,P005,C039,2024-08-19,3,3643.72,Lahore,3500.0,2200.0,143.72,0.04,3710.0,0
S0577,P002,C106,2025-11-15,3,1653.07,Faisalabad,1500.0,950.0,153.07,0.04,1590.0,0
S0578,P004,C210,2025-07-20,1,2775.5,Faisalabad,2500.0,1500.0,275.5,0.01,2550.0,0
S0579,P007,C061,2025-07-02,4,2294.99,Peshawar,2200.0,1400.0,94.99,0.05,2376.0,0
S0580,P005,C183,2024-03-21,4,3939.93,Lahore,3500.0,2200.0,439.93,0.05,3780.0,0
S0581,P009,C174,2025-08-07,5,770.08,Faisalabad,700.0,450.0,70.08,0.06,770.0,0
S0582,P003,C043,2024-05-03,4,282.97,Karachi,300.0,120.0,-17.03,0.05,324.0,1
S0583,P004,C175,2024-05-09,1,2514.61,Peshawar,2500.0,1500.0,14.61,0.01,2550.0,0
S0584,P004,C067,2025-10-04,2,2771.32,Islamabad,2500.0,1500.0,271.32,0.03,2600.0,0
S0585,P012,C102,2024-03-09,1,797.62,Faisalabad,800.0,500.0,-2.38,0.01,816.0,1
S0586,P006,C224,2024-10-09,5,1217.45,Lahore,1200.0,750.0,17.45,0.06,1320.0,0
S0587,P012,C108,2025-09-30,5,824.51,Lahore,800.0,500.0,24.51,0.06,880.0,0
S0588,P007,C150,2024-06-02,2,2291.63,Lahore,2200.0,1400.0,91.63,0.03,2288.0,0
S0589,P002,C223,2025-07-30,1,1644.65,Faisalabad,1500.0,950.0,144.65,0.01,1530.0,0
S0590,P006,C125,2025-02-24,3,1194.91,Faisalabad,1200.0,750.0,-5.09,0.04,1272.0,1
S0591,P010,C104,2025-04-29,1,1697.49,Karachi,1800.0,1100.0,-102.51,0.01,1836.0,1
S0592,P010,C228,2025-09-15,4,1637.45,Islamabad,1800.0,1100.0,-162.55,0.05,1944.0,1
S0593,P012,C236,2024-08-31,1,869.15,Islamabad,800.0,500.0,69.15,0.01,816.0,0
S0594,P006,C078,2024-01-21,3,1325.22,Islamabad,1200.0,750.0,125.22,0.04,1272.0,0
S0595,P005,C059,2025-05-18,1,4000,Karachi,3500.0,2200.0,500.0,0.01,3570.0,0
S0596,P005,C083,2026-01-31,4,3827.28,Islamabad,3500.0,2200.0,327.28,0.05,3780.0,0
S0597,P012,C049,2025-03-02,5,849.11,Peshawar,800.0,500.0,49.11,0.06,880.0,0
S0598,P004,C223,2025-02-20,4,2724.68,Islamabad,2500.0,1500.0,224.68,0.05,2700.0,0
S0599,P001,C182,2025-06-11,2,916.4,Faisalabad,1000.0,650.0,-83.6,0.03,1040.0,1
S0600,P007,C008,2024-05-18,5,2463.63,Karachi,2200.0,1400.0,263.63,0.06,2420.0,0
