product_id,inventory_date,average_inventory
P002,2025-07-31,93.32
P003,2025-09-12,115.41
P003,2024-11-14,87.87
P010,2025-11-24,67.05
P002,2025-08-29,36.93
P011,2025-09-06,92.09
P006,2025-06-29,75.5
P011,2024-12-15,64.64
P002,2025-03-19,90.57
P012,2024-06-05,58.76
P010,2025-07-05,73.22
P005,2024-11-26,72.27
P008,2024-09-06,98.95
P006,2024-01-30,83.68
P004,2024-12-29,69.61
P012,2024-10-09,73.03
P002,2024-09-04,98.26
P012,2025-05-02,60.67
P005,2024-08-14,72.99
P006,2025-04-29,89.68
P006,2024-12-26,106.21
P002,2026-01-08,59.54
P012,2024-07-08,73.86
P012,2025-08-26,64.81
P005,2024-08-20,70.98
P003,2024-10-07,87.8
P012,2024-05-09,33.48
P005,2025-04-25,57.3
P005,2025-05-04,98.0
P002,2025-08-13,57.42
P005,2024-03-28,73.05
P010,2025-09-02,65.77
P008,2025-03-29,76.61
P010,2025-09-27,82.17
P004,2025-10-02,86.47
P004,2024-06-26,46.45
P008,2025-12-06,123.98
P005,2025-12-24,82.46
P011,2024-08-27,63.7
P011,2024-07-21,58.33
P005,2024-05-25,95.23
P010,2026-02-05,80.81
P008,2025-12-06,85.79
P009,2025-07-06,63.94
P007,2026-01-22,108.08
P004,2025-11-21,74.1
P010,2024-02-11,62.75
P005,2024-07-04,88.95
P002,2025-04-26,71.14
P003,2024-12-03,92.4
P009,2024-02-07,50.58
P002,2026-03-02,86.25
P011,2025-07-09,89.06
P006,2025-09-29,62.03
P004,2024-09-30,99.16
P012,2025-05-11,94.35
P004,2025-12-27,59.85
P007,2024-04-05,47.19
P008,2024-04-30,59.68
P009,2025-12-23,100.52
P004,2025-04-12,66.96
P009,2026-02-03,69.34
P006,2025-06-03,85.65
P010,2025-08-16,84.56
P008,2024-12-19,108.54
P008,2024-11-25,77.91
P007,2024-08-27,90.03
P012,2025-01-25,68.1
P008,2024-02-07,69.78
P002,2025-03-26,39.03
P012,2024-05-27,76.56
P002,2025-04-25,90.87
P011,2024-03-23,84.16
P007,2024-11-20,37.31
P002,2024-08-28,92.29
P007,2024-04-10,46.15
P001,2024-02-17,56.22
P006,2025-03-17,62.71
P011,2024-07-03,66.53
P010,2025-11-30,51.01
P004,2025-04-17,41.27
P008,2024-10-21,22.7
P010,2024-11-02,78.77
P004,2025-01-28,100.79
P006,2025-08-11,75.9
P011,2025-02-09,83.46
P010,2026-02-02,73.21
P004,2025-09-13,54.84
P005,2025-11-25,91.87
P005,2025-03-27,109.94
P002,2024-10-29,84.27
P003,2025-07-06,104.37
P003,2024-09-20,89.47
P002,2025-04-24,37.5
P011,2026-01-11,68.78
P006,2024-04-02,59.01
P008,2025-01-12,101.63
P002,2025-11-22,48.35
P006,2025-09-16,89.02
P012,2024-11-05,71.14
P005,2025-05-19,88.56
P003,2025-02-01,86.02
P007,2025-08-24,78.02
P008,2025-09-22,116.3
P012,2025-01-14,81.03
P006,2024-04-11,67.32
P001,2025-02-11,72.27
P002,2025-11-09,63.65
P001,2024-12-07,95.87
P004,2024-03-11,89.97
P006,2026-03-03,79.38
P005,2024-05-28,62.88
P002,2025-11-07,84.25
P010,2024-11-27,62.57
P012,2025-03-07,78.89
P008,2026-03-07,96.65
P009,2024-08-14,93.4
P005,2025-04-14,61.85
P007,2025-12-03,97.68
P002,2024-03-23,60.3
P005,2025-10-01,87.22
P010,2025-06-27,77.36
P002,2025-12-19,98.1
P012,2024-08-08,64.91
P006,2025-04-09,93.2
P007,2024-11-16,65.5
P002,2024-04-03,78.01
P003,2025-07-23,86.36
P006,2025-11-17,86.62
P012,2024-02-22,71.38
P010,2025-06-03,86.3
P002,2024-12-24,99.53
P010,2024-08-19,40.52
P010,2025-11-22,61.6
P001,2024-07-03,63.17
P006,2024-01-07,84.6
P002,2024-05-25,72.56
P007,2025-03-05,46.06
P012,2024-11-28,51.84
P003,2024-06-10,82.2
P008,2025-11-08,92.59
P005,2024-08-08,105.43
P005,2025-11-25,95.98
P001,2024-08-13,80.47
P004,2024-11-04,80.85
P005,2024-12-01,67.88
P003,2024-05-12,82.11
P009,2025-11-15,56.9
P007,2024-01-20,80.73
P010,2025-03-15,71.44
P005,2024-04-27,58.68
P010,2025-04-16,61.33
P004,2025-03-22,37.4
P005,2026-02-02,109.58
P002,2025-06-06,75.88
P006,2026-01-14,83.71
P004,2024-06-26,86.04
P003,2026-03-02,98.36
P008,2025-11-28,97.57
P011,2024-11-19,81.56
P011,2024-11-06,86.5
P002,2024-11-13,68.73
P005,2024-03-19,67.53
P008,2025-08-17,54.85
P008,2025-08-08,80.23
P003,2024-03-04,110.76
P012,2024-03-27,74.13
P012,2025-03-24,88.72
P006,2025-01-16,60.16
P011,2025-09-04,97.81
P002,2024-12-03,98.56
P005,2026-01-11,112.32
P010,2025-11-10,75.05
P003,2025-09-01,95.83
P003,2025-11-17,76.26
P009,2025-01-05,53.32
P006,2026-02-23,58.06
P002,2024-10-29,115.63
P001,2025-11-08,98.32
P010,2025-01-20,79.48
P003,2026-01-08,95.36
P008,2025-09-17,69.04
P004,2025-06-30,98.35
P004,2025-01-11,125.05
P007,2025-05-29,97.7
P010,2024-05-21,70.01
P009,2024-04-15,84.36
P003,2024-10-06,111.94
P002,2024-08-15,102.1
P007,2024-02-24,103.9
P002,2025-01-18,69.71
P012,2025-10-27,73.5
P005,2025-04-28,60.6
P010,2024-01-06,101.56
P009,2026-01-14,119.79
P004,2024-11-04,89.52
P008,2024-03-05,79.1
P009,2024-01-17,104.72
P005,2025-03-15,141.73
P007,2024-07-10,99.45
P009,2025-07-11,64.7
P001,2025-02-03,55.22
P005,2026-02-04,110.36
P004,2026-01-20,83.79
P003,2024-02-15,63.05
P011,2025-04-20,89.77
P002,2026-01-03,58.31
P004,2024-02-12,73.36
P009,2025-04-29,97.63
P005,2024-12-31,105.29
P002,2025-01-11,68.43
P007,2024-12-13,67.64
P009,2024-09-30,64.47
P010,2024-07-03,54.95
P006,2025-11-07,76.58
P003,2025-12-07,107.07
P010,2025-03-21,104.54
P002,2025-11-18,108.61
P001,2024-05-26,105.18
P003,2024-03-09,99.51
P007,2025-08-03,87.27
P006,2025-01-15,86.63
P009,2025-01-10,90.45
P002,2024-01-27,88.24
P002,2024-09-25,84.85
P005,2025-12-11,94.85
P008,2024-06-25,66.72
P011,2024-12-21,78.05
P003,2025-12-29,75.17
P002,2024-07-24,63.98
P006,2025-07-21,102.71
P003,2025-09-18,85.74
P009,2025-02-24,92.22
P006,2025-10-19,124.88
P006,2024-05-11,79.28
P007,2025-05-29,81.3
P005,2024-06-17,59.4
P006,2025-06-15,41.6
P011,2025-07-18,95.18
P009,2024-04-05,54.42
P003,2024-06-24,85.15
P010,2024-02-12,87.0
P005,2025-10-28,48.01
P011,2024-02-01,77.64
P011,2024-11-05,92.37
P005,2025-04-09,89.14
P007,2025-05-10,87.07
P006,2026-01-05,139.45
P007,2024-05-13,73.63
P004,2025-04-22,101.42
P002,2024-02-21,90.04
P007,2024-09-11,87.27
P012,2024-11-16,96.07
P008,2025-05-25,84.07
P009,2025-04-13,85.52
P001,2024-10-15,63.58
P005,2025-07-03,79.36
P005,2026-01-14,71.09
P007,2024-02-22,80.32
P005,2024-03-16,73.88
P005,2025-09-30,97.65
P007,2025-01-17,56.34
P004,2025-09-08,89.01
P001,2024-05-20,96.52
P003,2025-09-12,54.22
P006,2024-06-15,90.64
P010,2024-12-10,86.38
P012,2025-07-30,73.89
P006,2025-11-20,85.05
P012,2025-12-05,68.33
P010,2024-08-21,38.42
P011,2026-01-08,109.9
P011,2024-09-05,77.3
P004,2024-01-20,99.56
P012,2024-07-27,101.21
P012,2026-01-14,51.06
P009,2024-11-28,58.8
P008,2025-06-29,51.26
P010,2025-05-10,103.4
P005,2024-08-18,100.13
P012,2025-12-22,124.59
P012,2024-10-07,97.22
P007,2025-02-08,91.18
P005,2024-02-13,97.47
P008,2025-11-02,49.69
P009,2024-10-04,60.56
P010,2026-01-28,74.5
P004,2025-10-15,68.61
P012,2025-04-28,66.28
P009,2024-06-10,92.92
P008,2025-10-28,109.88
P005,2025-10-23,85.47
P004,2025-07-01,108.45
P003,2024-02-07,34.25
P001,2024-01-10,110.67
P005,2025-04-10,112.93
P009,2025-04-24,95.62
P003,2026-01-18,93.41
P001,2026-01-24,94.93
P003,2025-09-17,84.44
P002,2025-02-14,67.73
P006,2024-09-11,108.72
P005,2024-12-03,65.05
P005,2025-10-31,49.28
P008,2024-11-10,57.13
P012,2024-04-30,68.05
P003,2025-05-04,109.49
P007,2025-12-19,75.88
P011,2024-08-11,67.18
P009,2025-04-02,100.69
P002,2024-03-04,77.27
P009,2024-06-02,71.48
P002,2025-11-27,72.04
P009,2025-04-01,67.15
P008,2025-07-31,63.0
P012,2024-01-23,104.76
P010,2024-03-15,51.35
P009,2024-03-02,105.3
P005,2025-02-22,24.58
P006,2025-01-26,58.72
P007,2024-03-23,107.05
P002,2024-07-01,89.66
P001,2026-02-13,101.46
P007,2025-06-28,112.42
P006,2024-06-07,104.1
P001,2025-11-07,47.63
P004,2024-07-30,100.74
P010,2025-11-19,90.54
P008,2024-08-27,83.03
P003,2025-05-30,132.91
P006,2025-08-14,93.49
P004,2024-11-05,84.42
P007,2024-11-03,67.37
P012,2024-06-28,64.07
P011,2025-11-18,82.09
P007,2024-06-01,102.07
P008,2024-09-03,86.9
P008,2024-02-29,59.32
P009,2024-05-17,93.52
P011,2024-03-21,62.93
P012,2024-07-14,97.23
P010,2024-02-10,95.92
P012,2025-11-18,74.69
P005,2024-01-16,72.36
P012,2026-02-11,58.25
P012,2024-07-28,93.36
P005,2025-01-24,88.73
P005,2025-01-03,80.01
P012,2025-04-25,57.96
P007,2024-02-16,63.08
P001,2024-09-24,71.98
P005,2024-06-05,102.44
P004,2025-05-26,87.99
P005,2026-02-20,108.75
P008,2024-06-21,98.09
P008,2024-07-07,74.17
P009,2024-02-04,93.39
P001,2025-02-26,84.75
P012,2024-06-03,55.41
P001,2025-09-24,87.23
P001,2024-01-07,63.47
P009,2026-01-09,64.53
P009,2025-12-15,62.52
P002,2024-04-08,53.52
P009,2024-09-15,105.46
P006,2025-02-19,102.17
P005,2025-12-01,83.23
P002,2025-02-19,97.99
P011,2024-01-10,104.86
P011,2024-12-05,34.71
P009,2024-02-13,73.66
P008,2024-10-04,103.46
P009,2025-07-31,78.18
P001,2024-07-31,74.15
P002,2024-11-02,85.65
P011,2025-07-07,89.44
P012,2026-01-11,73.39
P001,2024-04-10,48.71
P010,2026-02-26,101.5
P001,2025-10-11,97.11
P004,2024-12-30,97.65
P011,2025-08-22,122.64
P004,2025-12-31,62.72
P012,2025-10-11,93.78
P002,2024-04-03,86.23
P005,2024-04-14,48.85
P009,2025-07-22,96.13
P006,2025-07-21,92.96
P007,2024-01-13,114.14
P012,2025-07-26,63.04
P003,2024-05-22,50.82
P002,2024-06-20,61.79
P002,2025-01-04,52.09
P010,2025-09-23,88.97
P001,2025-02-09,90.35
P008,2024-12-08,77.08
P003,2024-11-03,55.41
P008,2024-11-17,80.18
P005,2026-01-22,124.64
P006,2025-01-20,94.06
P002,2025-07-31,92.16
P011,2026-02-25,60.51
P012,2024-08-02,34.98
P007,2025-11-20,77.64
P005,2025-11-05,91.61
P002,2025-04-04,103.59
P009,2025-12-09,78.72
P012,2025-07-03,69.59
P004,2025-11-04,59.41
P010,2025-10-22,97.61
P002,2024-01-11,97.54
P009,2025-08-17,64.08
P008,2026-03-01,38.25
P001,2025-05-09,116.97
P002,2026-01-17,109.28
P004,2025-06-17,62.91
P012,2025-12-14,72.4
P012,2024-04-27,130.92
P011,2024-06-17,101.59
P006,2025-07-27,75.95
P011,2024-07-07,93.8
P001,2026-01-25,95.34
P007,2025-02-02,69.74
P012,2024-03-05,48.4
P003,2025-01-09,70.59
P011,2025-05-16,109.64
P007,2025-09-17,100.22
P008,2025-09-24,55.78
P010,2025-08-27,106.01
P004,2024-11-08,68.84
P009,2025-02-01,88.5
P007,2024-07-09,106.66
P009,2024-06-19,75.36
P008,2025-09-26,97.81
P008,2024-05-19,53.55
P009,2025-10-30,30.15
P012,2025-03-30,50.39
P004,2024-10-26,39.19
P003,2026-03-10,49.22
P009,2025-06-07,79.25
P006,2025-07-09,75.65
P004,2025-03-11,88.9
P005,2024-02-03,66.29
P008,2024-04-30,98.32
P012,2024-12-25,53.21
P003,2024-07-30,67.26
P009,2024-10-14,51.16
P005,2025-08-09,96.45
P003,2026-02-07,88.92
P012,2024-05-15,66.22
P011,2025-02-06,100.87
P011,2025-02-28,50.23
P007,2025-06-11,75.52
P008,2025-05-14,79.36
P012,2025-04-14,98.21
P007,2024-08-11,103.58
P006,2024-10-17,90.31
P008,2024-12-17,111.67
P001,2024-05-07,88.73
P004,2025-12-06,93.93
P005,2024-04-05,79.87
P001,2025-02-09,118.25
P007,2025-11-02,73.9
P008,2024-03-20,64.42
P001,2024-01-09,80.12
P012,2024-05-15,74.88
P012,2024-04-14,83.64
P003,2025-01-26,71.44
P002,2025-06-27,102.16
P008,2024-12-25,55.81
P010,2025-12-04,101.76
P003,2026-02-09,55.27
P007,2024-11-18,66.35
P004,2025-07-20,74.47
P012,2024-01-28,87.66
P004,2026-02-04,45.01
P008,2025-01-30,73.07
P002,2025-06-24,108.74
P003,2025-01-31,97.73
P008,2026-02-27,71.17
P005,2024-08-08,132.56
P009,2024-10-20,65.34
P002,2025-10-17,70.28
P002,2024-11-13,103.41
P009,2024-11-30,95.17
P005,2025-12-16,81.24
P001,2024-09-07,54.68
P010,2025-09-15,56.05
P002,2024-01-13,105.79
P006,2025-06-19,52.57
P003,2025-01-15,106.53
P012,2024-04-30,63.51
P009,2024-03-06,59.88
P008,2025-04-11,53.15
P003,2025-01-11,53.96
P011,2026-01-10,72.15
P001,2024-01-13,88.44
P003,2024-07-02,29.06
P004,2024-11-25,76.57
P005,2024-03-20,92.02
P003,2024-08-16,74.72
P002,2025-04-21,68.27
P002,2025-07-20,91.07
P010,2024-11-07,101.32
P008,2026-03-02,64.83
P003,2024-01-07,94.75
P011,2025-12-11,70.1
P012,2026-01-14,76.32
P007,2025-05-18,66.74
P002,2024-02-14,72.27
P012,2025-01-16,64.75
P002,2025-06-01,107.51
P010,2025-08-04,86.51
P004,2024-10-25,89.55
P012,2026-01-23,77.15
P002,2024-07-26,85.8
P003,2024-04-18,105.2
P002,2025-07-02,68.6
P005,2025-04-19,67.79
P011,2024-11-07,60.24
P003,2024-04-03,63.1
P001,2025-11-24,71.7
P007,2025-04-08,83.71
P008,2024-04-14,62.91
P003,2024-07-21,82.39
P010,2025-08-23,92.52
P002,2024-07-21,101.58
P002,2024-02-13,89.85
P007,2026-01-11,58.56
P003,2024-12-28,92.51
P008,2024-06-01,91.85
P011,2024-10-29,87.72
P001,2024-03-30,84.1
P011,2025-06-22,97.49
P001,2025-01-26,71.0
P006,2025-08-02,90.77
P001,2024-11-22,80.41
P001,2025-04-28,55.41
P003,2024-04-12,117.25
P012,2024-02-27,79.21
P006,2024-06-26,82.64
P010,2024-01-29,79.69
P010,2024-07-11,69.41
P001,2024-04-02,61.03
P009,2025-05-04,102.77
P003,2024-12-14,64.42
P001,2024-01-23,43.41
P002,2025-06-22,45.15
P010,2024-04-13,72.76
P012,2025-03-23,63.96
P012,2025-09-20,121.6
P007,2024-11-10,55.72
P012,2025-08-09,61.21
P001,2024-07-05,96.39
P004,2025-10-16,70.98
P006,2026-02-02,123.09
P011,2024-03-31,88.49
P004,2025-12-10,62.57
P012,2024-01-02,87.08
P003,2025-02-27,59.46
P007,2024-04-13,121.15
P003,2025-04-07,91.63
P001,2024-11-22,88.49
P003,2025-01-19,102.47
P006,2025-08-31,91.47
P007,2025-10-31,76.13
P001,2024-04-13,103.92
P012,2025-07-21,73.26
P004,2024-04-08,87.35
P003,2024-02-25,80.34
P011,2025-10-02,63.46
P004,2024-06-23,49.76
P005,2025-02-11,93.89
P002,2025-10-19,64.23
P006,2024-07-10,99.73
P005,2024-08-19,95.1
P002,2025-11-15,64.0
P004,2025-07-20,27.7
P007,2025-07-02,84.55
P005,2024-03-21,51.52
P009,2025-08-07,110.81
P003,2024-05-03,67.75
P004,2024-05-09,92.61
P004,2025-10-04,98.24
P012,2024-03-09,75.8
P006,2024-10-09,87.46
P012,2025-09-30,113.52
P007,2024-06-02,91.89
P002,2025-07-30,55.56
P006,2025-02-24,70.66
P010,2025-04-29,82.17
P010,2025-09-15,95.32
P012,2024-08-31,58.49
P006,2024-01-21,98.25
P005,2025-05-18,76.63
P005,2026-01-31,81.51
P012,2025-03-02,68.53
P004,2025-02-20,58.07
P001,2025-06-11,62.5
P007,2024-05-18,58.45
